Workbook

Sheet Summary_Dashboard
A1: WAREHOUSE PERFORMANCE & INVENTORY DASHBOARD
A2: คู่มือปฏิบัติการวิศวกรรมโลจิสติกส์ NL217 - สรุปภาพรวมและตัววัดผลคลังสินค้า (KPIs)
A4: จำนวน SKU ทั้งหมด | D4: มูลค่าสต็อกคงเหลือรวม | G4: ต้นทุนการจัดการคลังรวม/ปี | J4: เตือนสั่งซื้อเพิ่ม (Reorder)
A5: =COUNTA('Item_Master 5-1'!A4:A13) -> 10 | D5: =SUMPRODUCT('Item_Master 5-1'!C4:C13, 'Item_Master 5-1'!L4:L13) -> 0 | G5: =SUM('Item_Master 5-1'!R4:R13) -> #DIV/0! | J5: =COUNTIF('Item_Master 5-1'!S4:S13, "Reorder Needed") -> 0
A8: สรุปการจำแนกประเภทสินค้าตามมูลค่า (ABC Classification Breakdown) | G8: สถานะระดับสินค้าคงคลัง (Inventory Stock Status Summary)
A9: ABC Class | B9: จำนวน SKU | C9: สัดส่วน SKU % | D9: มูลค่าการใช้รวม (บาท) | E9: สัดส่วนมูลค่า % | G9: สถานะ (Stock Status) | H9: จำนวน SKU | I9: สัดส่วน % | J9: มูลค่าสินค้าคงเหลือ (บาท) | K9: การดำเนินการที่แนะนำ
A10: Class A (High Value) | B10: =COUNTIF('Item_Master 5-1'!Q4:Q13, "A") -> 7 | C10: =B10/SUM($B$10:$B$12) -> 0.7 | D10: =SUMIF('Item_Master 5-1'!Q4:Q13, "A", 'Item_Master 5-1'!M4:M13) -> 11925000 | E10: =D10/$D$13 -> 0.88020372 | G10: Stock Sufficient (เพียงพอ) | H10: =COUNTIF('Item_Master 5-1'!S4:S13, "Stock Sufficient") -> 0 | I10: =H10/SUM($H$10:$H$11) -> #DIV/0! | K10: เฝ้าระวังตามรอบปรกติ
A11: Class B (Medium Value) | B11: =COUNTIF('Item_Master 5-1'!Q4:Q13, "B") -> 2 | C11: =B11/SUM($B$10:$B$12) -> 0.2 | D11: =SUMIF('Item_Master 5-1'!Q4:Q13, "B", 'Item_Master 5-1'!M4:M13) -> 1335000 | E11: =D11/$D$13 -> 0.09853853 | G11: Reorder Needed (ต้องสั่งซื้อ) | H11: =COUNTIF('Item_Master 5-1'!S4:S13, "Reorder Needed") -> 0 | I11: =H11/SUM($H$10:$H$11) -> #DIV/0! | K11: ออกใบสั่งซื้อ (PO) ทันที
A12: Class C (Low Value) | B12: =COUNTIF('Item_Master 5-1'!Q4:Q13, "C") -> 1 | C12: =B12/SUM($B$10:$B$12) -> 0.1 | D12: =SUMIF('Item_Master 5-1'!Q4:Q13, "C", 'Item_Master 5-1'!M4:M13) -> 288000 | E12: =D12/$D$13 -> 0.02125775 | G12: รวมทั้งหมด | H12: =SUM(H10:H11) -> 0 | I12: =SUM(I10:I11) -> #DIV/0! | J12: =SUM(J10:J11) -> 0 | K12: -
A13: รวมทั้งหมด | B13: =SUM(B10:B12) -> 10 | C13: =SUM(C10:C12) -> 1 | D13: =SUM(D10:D12) -> 13548000 | E13: =SUM(E10:E12) -> 1

Sheet Item_Master 5-1
A1: ตารางหลักข้อมูลสินค้าคงคลังและการคำนวณโมเดล (INVENTORY ITEM MASTER & CONTROL MODEL)
A2: การคำนวณอัตโนมัติ: Current Stock, EOQ, Safety Stock, ROP, ABC Class และสถานะการสั่งซื้อ
A3: SKU_ID | B3: ชื่อสินค้า (Item Name) | C3: ราคา/หน่วย (C) | D3: อุปสงค์/ปี (D) | E3: ค่าสั่งซื้อ/ครั้ง (S) | F3: ค่าเก็บรักษา/หน่วย/ปี (H) | G3: Lead Time (L-Days) | H3: อุปสงค์/วัน (d) | I3: Std Dev Demand (σd) | J3: ยอดรับเข้า (Inbound) | K3: ยอดจ่ายออก (Outbound) | L3: สต็อกคงเหลือ (Current Stock) | M3: มูลค่าการใช้งาน/ปี (THB) | N3: EOQ (หน่วย) | O3: Safety Stock (SS) | P3: Reorder Point (ROP) | Q3: ABC Class | R3: ต้นทุนรวมคลัง/ปี (THB) | S3: สถานะสั่งซื้อ (Stock Status)
A4: SKU-101 | B4: พาเลทไม้มาตรฐาน | C4: 350 | D4: 12000 | E4: 1500 | F4: 70 | G4: 5 | H4: 40 | I4: 8 | L4: =J4-K4 -> 0 | M4: =C4*D4 -> 4200000 | Q4: =IF(M4>=1000000,"A",IF(M4>=300000,"B","C")) -> A | R4: =((D4/N4)*E4)+((N4/2)*F4)+(O4*F4) -> #DIV/0!
A5: SKU-102 | B5: กล่องกระดาษ L | C5: 25 | D5: 45000 | E5: 800 | F5: 5 | G5: 3 | H5: 150 | I5: 25 | L5: =J5-K5 -> 0 | M5: =C5*D5 -> 1125000 | Q5: =IF(M5>=1000000,"A",IF(M5>=300000,"B","C")) -> A | R5: =((D5/N5)*E5)+((N5/2)*F5)+(O5*F5) -> #DIV/0!
A6: SKU-103 | B6: ฟิล์มยืดพันพาเลท | C6: 180 | D6: 6500 | E6: 1200 | F6: 36 | G6: 7 | H6: 22 | I6: 9 | L6: =J6-K6 -> 0 | M6: =C6*D6 -> 1170000 | Q6: =IF(M6>=1000000,"A",IF(M6>=300000,"B","C")) -> A | R6: =((D6/N6)*E6)+((N6/2)*F6)+(O6*F6) -> #DIV/0!
A7: SKU-104 | B7: โฟมกันกระแทก | C7: 120 | D7: 2400 | E7: 1000 | F7: 24 | G7: 10 | H7: 8 | I7: 5 | L7: =J7-K7 -> 0 | M7: =C7*D7 -> 288000 | Q7: =IF(M7>=1000000,"A",IF(M7>=300000,"B","C")) -> C | R7: =((D7/N7)*E7)+((N7/2)*F7)+(O7*F7) -> #DIV/0!
A8: SKU-105 | B8: สายรัดพลาสติก | C8: 450 | D8: 800 | E8: 1500 | F8: 90 | G8: 14 | H8: 3 | I8: 2 | L8: =J8-K8 -> 0 | M8: =C8*D8 -> 360000 | Q8: =IF(M8>=1000000,"A",IF(M8>=300000,"B","C")) -> B | R8: =((D8/N8)*E8)+((N8/2)*F8)+(O8*F8) -> #DIV/0!
A9: SKU-106 | B9: ถุงมือเซฟตี้ | C9: 85 | D9: 18000 | E9: 600 | F9: 17 | G9: 4 | H9: 60 | I9: 12 | L9: =J9-K9 -> 0 | M9: =C9*D9 -> 1530000 | Q9: =IF(M9>=1000000,"A",IF(M9>=300000,"B","C")) -> A | R9: =((D9/N9)*E9)+((N9/2)*F9)+(O9*F9) -> #DIV/0!
A10: SKU-107 | B10: เทปกาวปิดกล่อง | C10: 45 | D10: 32000 | E10: 500 | F10: 9 | G10: 5 | H10: 107 | I10: 18 | L10: =J10-K10 -> 0 | M10: =C10*D10 -> 1440000 | Q10: =IF(M10>=1000000,"A",IF(M10>=300000,"B","C")) -> A | R10: =((D10/N10)*E10)+((N10/2)*F10)+(O10*F10) -> #DIV/0!
A11: SKU-108 | B11: ลังพลาสติกเรียงซ้อน | C11: 650 | D11: 1500 | E11: 2000 | F11: 130 | G11: 12 | H11: 5 | I11: 3 | L11: =J11-K11 -> 0 | M11: =C11*D11 -> 975000 | Q11: =IF(M11>=1000000,"A",IF(M11>=300000,"B","C")) -> B | R11: =((D11/N11)*E11)+((N11/2)*F11)+(O11*F11) -> #DIV/0!
A12: SKU-109 | B12: บาร์โค้ดสติกเกอร์ | C12: 12 | D12: 120000 | E12: 400 | F12: 2.4 | G12: 2 | H12: 400 | I12: 50 | L12: =J12-K12 -> 0 | M12: =C12*D12 -> 1440000 | Q12: =IF(M12>=1000000,"A",IF(M12>=300000,"B","C")) -> A | R12: =((D12/N12)*E12)+((N12/2)*F12)+(O12*F12) -> #DIV/0!
A13: SKU-110 | B13: รถยกแฮนด์พาเลท Handlift | C13: 8500 | D13: 120 | E13: 3000 | F13: 1700 | G13: 20 | H13: 0.4 | I13: 0.2 | L13: =J13-K13 -> 0 | M13: =C13*D13 -> 1020000 | Q13: =IF(M13>=1000000,"A",IF(M13>=300000,"B","C")) -> A | R13: =((D13/N13)*E13)+((N13/2)*F13)+(O13*F13) -> #DIV/0!
A14: รวม / เฉลี่ย | D14: =SUM(D4:D13) -> 238320 | J14: =SUM(J4:J13) -> 0 | K14: =SUM(K4:K13) -> 0 | L14: =SUM(L4:L13) -> 0 | M14: =SUM(M4:M13) -> 13548000 | R14: =SUM(R4:R13) -> #DIV/0!

Sheet Transactions
A1: ตารางบันทึกประวัติการเคลื่อนย้ายสินค้าคงคลัง (TRANSACTION LEDGER)
A2: การบันทึกรายการรับเข้า (Inbound) และจ่ายออก (Outbound) สำหรับอัปเดตสต็อกคงเหลือ
A3: Trans_ID | B3: วันที่ (Date) | C3: SKU_ID | D3: ประเภทรายการ (Type) | E3: จำนวน (Quantity) | F3: ราคา/หน่วย (Unit Price) | G3: มูลค่ารวม (Total Value) | H3: หมายเหตุ (Remarks)
A4: TX-001 | B4: 2026-09-01 | C4: SKU-101 | D4: Inbound | E4: 500 | F4: =_xlfn.XLOOKUP(C4, 'Item_Master 5-1'!A:A, 'Item_Master 5-1'!C:C, 0) -> 350 | G4: =E4*F4 -> 175000 | H4: รับเข้าจาก ซัพพลายเออร์ A
A5: TX-002 | B5: 2026-09-02 | C5: SKU-102 | D5: Inbound | E5: 2000 | F5: =_xlfn.XLOOKUP(C5, 'Item_Master 5-1'!A:A, 'Item_Master 5-1'!C:C, 0) -> 25 | G5: =E5*F5 -> 50000 | H5: รับเข้าล็อตผลิตที่ 102
A6: TX-003 | B6: 2026-09-03 | C6: SKU-101 | D6: Outbound | E6: 120 | F6: =_xlfn.XLOOKUP(C6, 'Item_Master 5-1'!A:A, 'Item_Master 5-1'!C:C, 0) -> 350 | G6: =E6*F6 -> 42000 | H6: เบิกจ่ายแผนกจัดส่ง
A7: TX-004 | B7: 2026-09-04 | C7: SKU-103 | D7: Inbound | E7: 300 | F7: =_xlfn.XLOOKUP(C7, 'Item_Master 5-1'!A:A, 'Item_Master 5-1'!C:C, 0) -> 180 | G7: =E7*F7 -> 54000 | H7: รับเข้าวัตถุดิบพันพาเลท
A8: TX-005 | B8: 2026-09-05 | C8: SKU-101 | D8: Outbound | E8: 80 | F8: =_xlfn.XLOOKUP(C8, 'Item_Master 5-1'!A:A, 'Item_Master 5-1'!C:C, 0) -> 350 | G8: =E8*F8 -> 28000 | H8: เบิกจ่ายลูกค้า คลัง B
A9: TX-006 | B9: 2026-09-06 | C9: SKU-104 | D9: Inbound | E9: 150 | F9: =_xlfn.XLOOKUP(C9, 'Item_Master 5-1'!A:A, 'Item_Master 5-1'!C:C, 0) -> 120 | G9: =E9*F9 -> 18000 | H9: รับเข้าโฟมกันกระแทก
A10: TX-007 | B10: 2026-09-07 | C10: SKU-105 | D10: Inbound | E10: 50 | F10: =_xlfn.XLOOKUP(C10, 'Item_Master 5-1'!A:A, 'Item_Master 5-1'!C:C, 0) -> 450 | G10: =E10*F10 -> 22500 | H10: รับเข้าสายรัดกล่อง
A11: TX-008 | B11: 2026-09-08 | C11: SKU-106 | D11: Inbound | E11: 800 | F11: =_xlfn.XLOOKUP(C11, 'Item_Master 5-1'!A:A, 'Item_Master 5-1'!C:C, 0) -> 85 | G11: =E11*F11 -> 68000 | H11: รับเข้าถุงมือเซฟตี้
A12: TX-009 | B12: 2026-09-09 | C12: SKU-107 | D12: Inbound | E12: 1200 | F12: =_xlfn.XLOOKUP(C12, 'Item_Master 5-1'!A:A, 'Item_Master 5-1'!C:C, 0) -> 45 | G12: =E12*F12 -> 54000 | H12: รับเข้าเทปกาวปิดกล่อง
A13: TX-010 | B13: 2026-09-10 | C13: SKU-102 | D13: Outbound | E13: 1500 | F13: =_xlfn.XLOOKUP(C13, 'Item_Master 5-1'!A:A, 'Item_Master 5-1'!C:C, 0) -> 25 | G13: =E13*F13 -> 37500 | H13: จ่ายออกให้สายการผลิต
A14: TX-011 | B14: 2026-09-11 | C14: SKU-106 | D14: Outbound | E14: 600 | F14: =_xlfn.XLOOKUP(C14, 'Item_Master 5-1'!A:A, 'Item_Master 5-1'!C:C, 0) -> 85 | G14: =E14*F14 -> 51000 | H14: จ่ายออกเบิกใช้งานในคลัง
A15: TX-012 | B15: 2026-09-11 | C15: SKU-108 | D15: Inbound | E15: 100 | F15: =_xlfn.XLOOKUP(C15, 'Item_Master 5-1'!A:A, 'Item_Master 5-1'!C:C, 0) -> 650 | G15: =E15*F15 -> 65000 | H15: รับเข้าลังพลาสติกเรียงซ้อน
... A18: TX-015 | B18: 2026-09-11 | C18: SKU-105 | D18: Outbound | E18: 35 | F18: =_xlfn.XLOOKUP(C18, 'Item_Master 5-1'!A:A, 'Item_Master 5-1'!C:C, 0) -> 450 | G18: =E18*F18 -> 15750 | H18: จ่ายออกแผนกบรรจุภัณฑ์
A19: รวมทั้งหมด | E19: =SUM(E4:E18) -> 12437 | G19: =SUM(G4:G18) -> 757750

Sheet ABC_XYZ_Matrix 5-2
A1: การจำแนกประเภทสินค้าเชิงมิติซ้อน ABC-XYZ MATRIX (DEMAND UNCERTAINTY ANALYSIS)
A2: การวิเคราะห์มูลค่าสินค้า (ABC) ร่วมกับความผันผวนของอุปสงค์ (XYZ: Coefficient of Variation - CV)
A3: SKU_ID | B3: ชื่อสินค้า | C3: ยอดขาย ม.ค. | D3: ยอดขาย ก.พ. | E3: ยอดขาย มี.ค. | F3: ยอดขาย เม.ย. | G3: ยอดขาย พ.ค. | H3: ยอดขาย มิ.ย. | I3: อุปสงค์เฉลี่ย/เดือน | J3: Std Dev (σ) | K3: Coeff of Var (CV) | L3: XYZ Class | M3: ABC Class | N3: Combined Class | O3: กลยุทธ์การจัดการคลังที่แนะนำ
A4: SKU-101 | B4: พาเลทไม้มาตรฐาน | C4: 1000 | D4: 1050 | E4: 980 | F4: 1020 | G4: 1010 | H4: 990 | I4: =AVERAGE(C4:H4) -> 1008.3333 | J4: =_xlfn.STDEV.S(C4:H4) -> 24.832774 | K4: =J4/I4 -> 0.024627545 | L4: =IF(K4<0.2, "X", IF(K4<=0.5, "Y", "Z")) -> X | M4: =VLOOKUP(A4,'Item_Master 5-1'!$A$4:$Q$13,17) -> A | N4: =M4&L4 -> AX | O4: =_xlfn.IFS(N4="AX", "เน้นอัตโนมัติ สต็อกต่ำ เติมบ่อย", N4="AY", "คุมเข้ม ปรับ Safety Stock ตามฤดูกาล", N4="AZ", "คุมเข้มพิเศษ ใช้ Make-To-Order", N4="BX", "ควบคุมมาตรฐาน เติมตาม ROP", N4="BY", "ทบทวนสต็อกทุกรอบเดือน", N4="BZ", "ตั้ง Safety Stock กันสำรอง", N4="CX", "สั่งซื้อจำนวนมาก ลดค่าบริหาร", N4="CY", "สั่งซื้อเมื่อถึงจุด ROP", N4="CZ", "พิจารณายกเลิกการจัดเก็บ/Non-stock") -> เน้นอัตโนมัติ สต็อกต่ำ เติมบ่อย
A5: SKU-102 | B5: กล่องกระดาษ L | C5: 3500 | D5: 3800 | E5: 3200 | F5: 4100 | G5: 3600 | H5: 3700 | I5: =AVERAGE(C5:H5) -> 3650 | J5: =_xlfn.STDEV.S(C5:H5) -> 301.66206 | K5: =J5/I5 -> 0.08264714 | L5: =IF(K5<0.2, "X", IF(K5<=0.5, "Y", "Z")) -> X | M5: =_xlfn.XLOOKUP(A5, 'Item_Master 5-1'!A:A, 'Item_Master 5-1'!Q:Q) -> A | N5: =M5&L5 -> AX | O5: =_xlfn.IFS(N5="AX", "เน้นอัตโนมัติ สต็อกต่ำ เติมบ่อย", N5="AY", "คุมเข้ม ปรับ Safety Stock ตามฤดูกาล", N5="AZ", "คุมเข้มพิเศษ ใช้ Make-To-Order", N5="BX", "ควบคุมมาตรฐาน เติมตาม ROP", N5="BY", "ทบทวนสต็อกทุกรอบเดือน", N5="BZ", "ตั้ง Safety Stock กันสำรอง", N5="CX", "สั่งซื้อจำนวนมาก ลดค่าบริหาร", N5="CY", "สั่งซื้อเมื่อถึงจุด ROP", N5="CZ", "พิจารณายกเลิกการจัดเก็บ/Non-stock") -> เน้นอัตโนมัติ สต็อกต่ำ เติมบ่อย | P5: =VLOOKUP(A5,'Item_Master 5-1'!$A$4:$Q$13,17) -> A
A6: SKU-103 | B6: ฟิล์มยืดพันพาเลท | C6: 500 | D6: 800 | E6: 200 | F6: 950 | G6: 400 | H6: 600 | I6: =AVERAGE(C6:H6) -> 575 | J6: =_xlfn.STDEV.S(C6:H6) -> 271.56951 | K6: =J6/I6 -> 0.4722948 | L6: =IF(K6<0.2, "X", IF(K6<=0.5, "Y", "Z")) -> Y | M6: =_xlfn.XLOOKUP(A6, 'Item_Master 5-1'!A:A, 'Item_Master 5-1'!Q:Q) -> A | N6: =M6&L6 -> AY | O6: =_xlfn.IFS(N6="AX", "เน้นอัตโนมัติ สต็อกต่ำ เติมบ่อย", N6="AY", "คุมเข้ม ปรับ Safety Stock ตามฤดูกาล", N6="AZ", "คุมเข้มพิเศษ ใช้ Make-To-Order", N6="BX", "ควบคุมมาตรฐาน เติมตาม ROP", N6="BY", "ทบทวนสต็อกทุกรอบเดือน", N6="BZ", "ตั้ง Safety Stock กันสำรอง", N6="CX", "สั่งซื้อจำนวนมาก ลดค่าบริหาร", N6="CY", "สั่งซื้อเมื่อถึงจุด ROP", N6="CZ", "พิจารณายกเลิกการจัดเก็บ/Non-stock") -> คุมเข้ม ปรับ Safety Stock ตามฤดูกาล | P6: =VLOOKUP(A6,'Item_Master 5-1'!$A$4:$Q$13,17) -> A
A7: SKU-104 | B7: โฟมกันกระแทก | C7: 200 | D7: 180 | E7: 220 | F7: 190 | G7: 210 | H7: 200 | I7: =AVERAGE(C7:H7) -> 200 | J7: =_xlfn.STDEV.S(C7:H7) -> 14.142136 | K7: =J7/I7 -> 0.070710678 | L7: =IF(K7<0.2, "X", IF(K7<=0.5, "Y", "Z")) -> X | M7: =_xlfn.XLOOKUP(A7, 'Item_Master 5-1'!A:A, 'Item_Master 5-1'!Q:Q) -> C | N7: =M7&L7 -> CX | O7: =_xlfn.IFS(N7="AX", "เน้นอัตโนมัติ สต็อกต่ำ เติมบ่อย", N7="AY", "คุมเข้ม ปรับ Safety Stock ตามฤดูกาล", N7="AZ", "คุมเข้มพิเศษ ใช้ Make-To-Order", N7="BX", "ควบคุมมาตรฐาน เติมตาม ROP", N7="BY", "ทบทวนสต็อกทุกรอบเดือน", N7="BZ", "ตั้ง Safety Stock กันสำรอง", N7="CX", "สั่งซื้อจำนวนมาก ลดค่าบริหาร", N7="CY", "สั่งซื้อเมื่อถึงจุด ROP", N7="CZ", "พิจารณายกเลิกการจัดเก็บ/Non-stock") -> สั่งซื้อจำนวนมาก ลดค่าบริหาร | P7: =VLOOKUP(A7,'Item_Master 5-1'!$A$4:$Q$13,17) -> C
A8: SKU-105 | B8: สายรัดพลาสติก | C8: 80 | D8: 20 | E8: 150 | F8: 10 | G8: 110 | H8: 30 | I8: =AVERAGE(C8:H8) -> 66.666667 | J8: =_xlfn.STDEV.S(C8:H8) -> 56.095157 | K8: =J8/I8 -> 0.84142736 | L8: =IF(K8<0.2, "X", IF(K8<=0.5, "Y", "Z")) -> Z | M8: =_xlfn.XLOOKUP(A8, 'Item_Master 5-1'!A:A, 'Item_Master 5-1'!Q:Q) -> B | N8: =M8&L8 -> BZ | O8: =_xlfn.IFS(N8="AX", "เน้นอัตโนมัติ สต็อกต่ำ เติมบ่อย", N8="AY", "คุมเข้ม ปรับ Safety Stock ตามฤดูกาล", N8="AZ", "คุมเข้มพิเศษ ใช้ Make-To-Order", N8="BX", "ควบคุมมาตรฐาน เติมตาม ROP", N8="BY", "ทบทวนสต็อกทุกรอบเดือน", N8="BZ", "ตั้ง Safety Stock กันสำรอง", N8="CX", "สั่งซื้อจำนวนมาก ลดค่าบริหาร", N8="CY", "สั่งซื้อเมื่อถึงจุด ROP", N8="CZ", "พิจารณายกเลิกการจัดเก็บ/Non-stock") -> ตั้ง Safety Stock กันสำรอง | P8: =VLOOKUP(A8,'Item_Master 5-1'!$A$4:$Q$13,17) -> B
A9: SKU-106 | B9: ถุงมือเซฟตี้ | C9: 1500 | D9: 1600 | E9: 1450 | F9: 1520 | G9: 1480 | H9: 1510 | I9: =AVERAGE(C9:H9) -> 1510 | J9: =_xlfn.STDEV.S(C9:H9) -> 50.596443 | K9: =J9/I9 -> 0.033507578 | L9: =IF(K9<0.2, "X", IF(K9<=0.5, "Y", "Z")) -> X | M9: =_xlfn.XLOOKUP(A9, 'Item_Master 5-1'!A:A, 'Item_Master 5-1'!Q:Q) -> A | N9: =M9&L9 -> AX | O9: =_xlfn.IFS(N9="AX", "เน้นอัตโนมัติ สต็อกต่ำ เติมบ่อย", N9="AY", "คุมเข้ม ปรับ Safety Stock ตามฤดูกาล", N9="AZ", "คุมเข้มพิเศษ ใช้ Make-To-Order", N9="BX", "ควบคุมมาตรฐาน เติมตาม ROP", N9="BY", "ทบทวนสต็อกทุกรอบเดือน", N9="BZ", "ตั้ง Safety Stock กันสำรอง", N9="CX", "สั่งซื้อจำนวนมาก ลดค่าบริหาร", N9="CY", "สั่งซื้อเมื่อถึงจุด ROP", N9="CZ", "พิจารณายกเลิกการจัดเก็บ/Non-stock") -> เน้นอัตโนมัติ สต็อกต่ำ เติมบ่อย | P9: =VLOOKUP(A9,'Item_Master 5-1'!$A$4:$Q$13,17) -> A
A10: SKU-107 | B10: เทปกาวปิดกล่อง | C10: 2600 | D10: 2700 | E10: 2550 | F10: 2800 | G10: 2650 | H10: 2700 | I10: =AVERAGE(C10:H10) -> 2666.6667 | J10: =_xlfn.STDEV.S(C10:H10) -> 87.559504 | K10: =J10/I10 -> 0.032834814 | L10: =IF(K10<0.2, "X", IF(K10<=0.5, "Y", "Z")) -> X | M10: =_xlfn.XLOOKUP(A10, 'Item_Master 5-1'!A:A, 'Item_Master 5-1'!Q:Q) -> A | N10: =M10&L10 -> AX | O10: =_xlfn.IFS(N10="AX", "เน้นอัตโนมัติ สต็อกต่ำ เติมบ่อย", N10="AY", "คุมเข้ม ปรับ Safety Stock ตามฤดูกาล", N10="AZ", "คุมเข้มพิเศษ ใช้ Make-To-Order", N10="BX", "ควบคุมมาตรฐาน เติมตาม ROP", N10="BY", "ทบทวนสต็อกทุกรอบเดือน", N10="BZ", "ตั้ง Safety Stock กันสำรอง", N10="CX", "สั่งซื้อจำนวนมาก ลดค่าบริหาร", N10="CY", "สั่งซื้อเมื่อถึงจุด ROP", N10="CZ", "พิจารณายกเลิกการจัดเก็บ/Non-stock") -> เน้นอัตโนมัติ สต็อกต่ำ เติมบ่อย | P10: =VLOOKUP(A10,'Item_Master 5-1'!$A$4:$Q$13,17) -> A
A11: SKU-108 | B11: ลังพลาสติกเรียงซ้อน | C11: 120 | D11: 130 | E11: 115 | F11: 125 | G11: 120 | H11: 122 | I11: =AVERAGE(C11:H11) -> 122 | J11: =_xlfn.STDEV.S(C11:H11) -> 5.0990195 | K11: =J11/I11 -> 0.041795242 | L11: =IF(K11<0.2, "X", IF(K11<=0.5, "Y", "Z")) -> X | M11: =_xlfn.XLOOKUP(A11, 'Item_Master 5-1'!A:A, 'Item_Master 5-1'!Q:Q) -> B | N11: =M11&L11 -> BX | O11: =_xlfn.IFS(N11="AX", "เน้นอัตโนมัติ สต็อกต่ำ เติมบ่อย", N11="AY", "คุมเข้ม ปรับ Safety Stock ตามฤดูกาล", N11="AZ", "คุมเข้มพิเศษ ใช้ Make-To-Order", N11="BX", "ควบคุมมาตรฐาน เติมตาม ROP", N11="BY", "ทบทวนสต็อกทุกรอบเดือน", N11="BZ", "ตั้ง Safety Stock กันสำรอง", N11="CX", "สั่งซื้อจำนวนมาก ลดค่าบริหาร", N11="CY", "สั่งซื้อเมื่อถึงจุด ROP", N11="CZ", "พิจารณายกเลิกการจัดเก็บ/Non-stock") -> ควบคุมมาตรฐาน เติมตาม ROP | P11: =VLOOKUP(A11,'Item_Master 5-1'!$A$4:$Q$13,17) -> B
A12: SKU-109 | B12: บาร์โค้ดสติกเกอร์ | C12: 10000 | D12: 10200 | E12: 9800 | F12: 10100 | G12: 9900 | H12: 10000 | I12: =AVERAGE(C12:H12) -> 10000 | J12: =_xlfn.STDEV.S(C12:H12) -> 141.42136 | K12: =J12/I12 -> 0.014142136 | L12: =IF(K12<0.2, "X", IF(K12<=0.5, "Y", "Z")) -> X | M12: =_xlfn.XLOOKUP(A12, 'Item_Master 5-1'!A:A, 'Item_Master 5-1'!Q:Q) -> A | N12: =M12&L12 -> AX | O12: =_xlfn.IFS(N12="AX", "เน้นอัตโนมัติ สต็อกต่ำ เติมบ่อย", N12="AY", "คุมเข้ม ปรับ Safety Stock ตามฤดูกาล", N12="AZ", "คุมเข้มพิเศษ ใช้ Make-To-Order", N12="BX", "ควบคุมมาตรฐาน เติมตาม ROP", N12="BY", "ทบทวนสต็อกทุกรอบเดือน", N12="BZ", "ตั้ง Safety Stock กันสำรอง", N12="CX", "สั่งซื้อจำนวนมาก ลดค่าบริหาร", N12="CY", "สั่งซื้อเมื่อถึงจุด ROP", N12="CZ", "พิจารณายกเลิกการจัดเก็บ/Non-stock") -> เน้นอัตโนมัติ สต็อกต่ำ เติมบ่อย | P12: =VLOOKUP(A12,'Item_Master 5-1'!$A$4:$Q$13,17) -> A
A13: SKU-110 | B13: รถยกแฮนด์พาเลท Handlift | C13: 10 | D13: 2 | E13: 18 | F13: 1 | G13: 15 | H13: 4 | I13: =AVERAGE(C13:H13) -> 8.3333333 | J13: =_xlfn.STDEV.S(C13:H13) -> 7.1180522 | K13: =J13/I13 -> 0.85416626 | L13: =IF(K13<0.2, "X", IF(K13<=0.5, "Y", "Z")) -> Z | M13: =_xlfn.XLOOKUP(A13, 'Item_Master 5-1'!A:A, 'Item_Master 5-1'!Q:Q) -> A | N13: =M13&L13 -> AZ | O13: =_xlfn.IFS(N13="AX", "เน้นอัตโนมัติ สต็อกต่ำ เติมบ่อย", N13="AY", "คุมเข้ม ปรับ Safety Stock ตามฤดูกาล", N13="AZ", "คุมเข้มพิเศษ ใช้ Make-To-Order", N13="BX", "ควบคุมมาตรฐาน เติมตาม ROP", N13="BY", "ทบทวนสต็อกทุกรอบเดือน", N13="BZ", "ตั้ง Safety Stock กันสำรอง", N13="CX", "สั่งซื้อจำนวนมาก ลดค่าบริหาร", N13="CY", "สั่งซื้อเมื่อถึงจุด ROP", N13="CZ", "พิจารณายกเลิกการจัดเก็บ/Non-stock") -> คุมเข้มพิเศษ ใช้ Make-To-Order | P13: =VLOOKUP(A13,'Item_Master 5-1'!$A$4:$Q$13,17) -> A
A16: https://beginrabbit.com/2020/12/08/abc-xyz-%e0%b8%81%e0%b8%b2%e0%b8%a3%e0%b8%88%e0%b8%b1%e0%b8%94%e0%b8%81%e0%b8%b2%e0%b8%a3%e0%b8%aa%e0%b8%95%e0%b9%8a%e0%b8%ad%e0%b8%81%e0%b8%aa%e0%b8%b4%e0%b8%99%e0%b8%84%e0%b9%89%e0%b8%b2%e0%b9%83/
A17: https://medium.com/@letta.earth/abc-xyz-inventory-classification-with-python-50ebee552fe4

Sheet VBA_Macros_Guide
A1: คู่มือและโค้ดตัวอย่าง EXCEL VBA MACROS สำหรับระบบคลังสินค้า
A2: วิธีเปิดใช้งาน: กด Alt + F11 ใน Excel -> Insert -> Module -> วางโค้ดด้านล่างนี้
A4: 1. โค้ดวนลูปตรวจสอบสต็อกและแจ้งเตือนสินค้าต่ำกว่าจุดสั่งซื้อ (Stock Alert System)
A5: Sub CheckStockAndAlert()
A6: Dim ws As Worksheet
A7: Set ws = ThisWorkbook.Sheets("Item_Master")
A8: Dim lastRow As Long, i As Long
A9: Dim alertCount As Integer
A10: alertCount = 0
A12: lastRow = ws.Cells(ws.Rows.Count, "A").End(xlUp).Row
A14: For i = 4 To lastRow
A15: ' Col L = Current Stock, Col P = ROP
... A52: End Sub
